Time_in_sec,gx,gy,gz
1322932432.72053003,-0.08981178,0.05076105,-0.99466435
1322932432.77256823,-0.08985257,0.05077666,-0.99465986
1322932432.82055998,-0.08986995,0.05065070,-0.99466472
1322932432.87367177,-0.09004931,0.05056259,-0.99465298
1322932432.91365027,-0.08971330,0.05047880,-0.99468760
1322932432.97366166,-0.08968054,0.05039053,-0.99469503
1322932433.02051830,-0.08950832,0.05051806,-0.99470407
1322932433.07365441,-0.08973970,0.05019807,-0.99469942
1322932433.12165475,-0.08957367,0.05019853,-0.99471436
1322932433.16200399,-0.08946862,0.05012851,-0.99472735
1322932433.22065878,-0.08933525,0.05018835,-0.99473632
1322932433.27365184,-0.08927730,0.05001560,-0.99475022
1322932433.32155585,-0.08930494,0.04986796,-0.99475515
1322932433.37366700,-0.08936366,0.04983928,-0.99475132
1322932433.41367865,-0.08938753,0.04957182,-0.99476254
1322932433.47367930,-0.08929347,0.04947738,-0.99477569
1322932433.52167797,-0.08910434,0.04934653,-0.99479914
1322932433.57368660,-0.08920575,0.04922152,-0.99479625
1322932433.62165260,-0.08921712,0.04922703,-0.99479496
1322932433.66156459,-0.08941532,0.04940089,-0.99476854
1322932433.72156072,-0.08919145,0.04940873,-0.99478825
1322932433.77265811,-0.08928246,0.04939232,-0.99478090
1322932433.82065368,-0.08918944,0.04931586,-0.99479304
1322932433.87356186,-0.08922986,0.04949993,-0.99478027
1322932433.91366386,-0.08913958,0.04913893,-0.99480626
1322932433.97265220,-0.08919670,0.04894333,-0.99481079
1322932434.02064919,-0.08936521,0.04887244,-0.99479915
1322932434.07367325,-0.08923083,0.04862033,-0.99482356
1322932434.11366129,-0.08917253,0.04844602,-0.99483730
1322932434.16064501,-0.08915858,0.04827372,-0.99484692
1322932434.22064424,-0.08915894,0.04819212,-0.99485084
1322932434.27366233,-0.08891208,0.04804625,-0.99487999
1322932434.32085133,-0.08876095,0.04788921,-0.99490106
1322932434.37367702,-0.08894502,0.04816056,-0.99487152
1322932434.41353559,-0.08873855,0.04787062,-0.99490395
1322932434.47365737,-0.08870410,0.04798226,-0.99490165
1322932434.52110124,-0.08854767,0.04792543,-0.99491832
1322932434.57264876,-0.08838614,0.04795699,-0.99493116
1322932434.62167764,-0.08826110,0.04802373,-0.99493904
1322932434.66159678,-0.08843019,0.04771056,-0.99493910
1322932434.72155738,-0.08799615,0.04775320,-0.99497553
1322932434.77265429,-0.08812594,0.04762597,-0.99497014
1322932434.82064223,-0.08827067,0.04777668,-0.99495009
1322932434.87264562,-0.08825208,0.04767300,-0.99495671
1322932434.91266036,-0.08837658,0.04772012,-0.99494340
1322932434.97259736,-0.08826573,0.04781490,-0.99494869
1322932435.02065229,-0.08810906,0.04758449,-0.99497362
1322932435.07264614,-0.08812767,0.04765638,-0.99496853
1322932435.12164378,-0.08812834,0.04759282,-0.99497152
1322932435.16224480,-0.08813166,0.04745094,-0.99497800
1322932435.22165537,-0.08801944,0.04742328,-0.99498925
1322932435.27254200,-0.08806508,0.04729693,-0.99499123
1322932435.32166433,-0.08804966,0.04733146,-0.99499095
1322932435.37265468,-0.08773975,0.04753839,-0.99500846
1322932435.41366887,-0.08773193,0.04755665,-0.99500828
1322932435.47264028,-0.08740542,0.04746452,-0.99504141
1322932435.52167559,-0.08754978,0.04735260,-0.99503405
1322932435.57265806,-0.08761354,0.04774304,-0.99500978
1322932435.62168145,-0.08753057,0.04760256,-0.99502382
1322932435.66069341,-0.08736972,0.04752205,-0.99504180
1322932435.72165847,-0.08752790,0.04752144,-0.99502793
1322932435.77257061,-0.08742210,0.04770394,-0.99502850
1322932435.82165241,-0.08733156,0.04763201,-0.99503989
1322932435.87255383,-0.08705130,0.04744397,-0.99507344
1322932435.91264820,-0.08701090,0.04722995,-0.99508715
1322932435.97265768,-0.08683486,0.04722691,-0.99510267
1322932436.02170086,-0.08694255,0.04721687,-0.99509374
1322932436.07264686,-0.08683467,0.04746003,-0.99509160
1322932436.12167549,-0.08641773,0.04745486,-0.99512814
1322932436.16167450,-0.08653578,0.04737466,-0.99512170
1322932436.22170424,-0.08642700,0.04726070,-0.99513657
1322932436.27355599,-0.08646162,0.04709886,-0.99514124
1322932436.32164669,-0.08633228,0.04743854,-0.99513633
1322932436.37370110,-0.08628714,0.04735307,-0.99514432
1322932436.41270661,-0.08608679,0.04750822,-0.99515428
1322932436.47265244,-0.08583004,0.04745489,-0.99517900
1322932436.52065992,-0.08575924,0.04755891,-0.99518014
1322932436.57364583,-0.08593260,0.04774917,-0.99515607
1322932436.62064123,-0.08579055,0.04784831,-0.99516356
1322932436.66086388,-0.08593448,0.04765327,-0.99516051
1322932436.72064686,-0.08582743,0.04762439,-0.99517113
1322932436.77261209,-0.08580112,0.04775210,-0.99516727
1322932436.82065296,-0.08561498,0.04775583,-0.99518313
1322932436.87270045,-0.08562168,0.04753856,-0.99519295
1322932436.91264844,-0.08581880,0.04759519,-0.99517327
1322932436.97258663,-0.08597932,0.04736396,-0.99517044
1322932437.02131867,-0.08578779,0.04758196,-0.99517657
1322932437.07367706,-0.08587745,0.04759722,-0.99516811
1322932437.12061501,-0.08556634,0.04746071,-0.99520143
1322932437.16164684,-0.08550053,0.04752958,-0.99520380
1322932437.22075725,-0.08569340,0.04753131,-0.99518713
1322932437.27257109,-0.08592551,0.04766738,-0.99516060
1322932437.32114577,-0.08604310,0.04754363,-0.99515636
1322932437.37257171,-0.08611298,0.04754351,-0.99515033
1322932437.41364908,-0.08607772,0.04761384,-0.99515001
1322932437.47268009,-0.08619567,0.04758645,-0.99514111
1322932437.52064133,-0.08606276,0.04765336,-0.99514942
1322932437.57264328,-0.08603629,0.04763945,-0.99515237
1322932437.62168241,-0.08586425,0.04741045,-0.99517816
1322932437.66167498,-0.08579028,0.04728330,-0.99519059
1322932437.72154140,-0.08594502,0.04725729,-0.99517848
1322932437.77278447,-0.08619509,0.04715285,-0.99516180
1322932437.82167411,-0.08618160,0.04713819,-0.99516367
1322932437.87364745,-0.08632028,0.04730407,-0.99514378
1322932437.91368127,-0.08639513,0.04731297,-0.99513686
1322932437.97360420,-0.08630971,0.04716809,-0.99515115
1322932438.02167130,-0.08654501,0.04724678,-0.99512698
1322932438.07264471,-0.08654034,0.04714044,-0.99513243
1322932438.12064552,-0.08647663,0.04688947,-0.99514982
1322932438.16130304,-0.08622199,0.04656285,-0.99518725
1322932438.22064495,-0.08627204,0.04650975,-0.99518540
1322932438.27365637,-0.08639916,0.04655324,-0.99517234
1322932438.32167029,-0.08650589,0.04658069,-0.99516178
1322932438.37265515,-0.08650875,0.04647210,-0.99516661
1322932438.41267633,-0.08634645,0.04625460,-0.99519084
1322932438.47264719,-0.08622974,0.04629551,-0.99519905
1322932438.52157855,-0.08635542,0.04615504,-0.99519468
1322932438.57266116,-0.08646302,0.04617501,-0.99518441
1322932438.62168074,-0.08645476,0.04623819,-0.99518220
1322932438.66165733,-0.08644684,0.04607564,-0.99519042
1322932438.72058368,-0.08619127,0.04610749,-0.99521112
1322932438.77264595,-0.08617741,0.04566025,-0.99523294
1322932438.82054949,-0.08605121,0.04563188,-0.99524516
1322932438.87365890,-0.08625481,0.04569527,-0.99522462
1322932438.91358185,-0.08597278,0.04543614,-0.99526089
1322932438.97009540,-0.08577250,0.04554655,-0.99527312
1322932439.02154613,-0.08574430,0.04547115,-0.99527900
1322932439.07269120,-0.08584345,0.04534740,-0.99527610
1322932439.12064695,-0.08558414,0.04515973,-0.99530696
1322932439.16180730,-0.08552591,0.04493081,-0.99532233
1322932439.22065711,-0.08540253,0.04518367,-0.99532148
1322932439.27266216,-0.08561561,0.04519204,-0.99530279
1322932439.32065034,-0.08523435,0.04506609,-0.99534122
1322932439.37264895,-0.08523813,0.04501189,-0.99534335
1322932439.41360569,-0.08510125,0.04517625,-0.99534762
1322932439.47373080,-0.08511678,0.04540900,-0.99533570
1322932439.52065110,-0.08500784,0.04554861,-0.99533863
1322932439.57274795,-0.08500151,0.04564099,-0.99533494
1322932439.62168193,-0.08479329,0.04556021,-0.99535640
1322932439.66215205,-0.08476587,0.04537415,-0.99536724
1322932439.72064710,-0.08463452,0.04521600,-0.99538561
1322932439.77367425,-0.08481989,0.04531807,-0.99536519
1322932439.82167435,-0.08483517,0.04538949,-0.99536063
1322932439.87371230,-0.08485189,0.04538947,-0.99535921
1322932439.91366291,-0.08490974,0.04525576,-0.99536036
1322932439.97364998,-0.08514478,0.04501896,-0.99535102
1322932440.02165532,-0.08537762,0.04473853,-0.99534372
1322932440.07271290,-0.08539903,0.04485820,-0.99533650
1322932440.12167883,-0.08532335,0.04472250,-0.99534910
1322932440.16165853,-0.08502741,0.04482563,-0.99536978
1322932440.22165012,-0.08491022,0.04470433,-0.99538524
1322932440.27252150,-0.08460074,0.04466164,-0.99541351
1322932440.32054257,-0.08460392,0.04487065,-0.99540384
1322932440.37265468,-0.08469111,0.04458205,-0.99540939
1322932440.41365194,-0.08484773,0.04437262,-0.99540541
1322932440.47270131,-0.08486612,0.04420343,-0.99541137
1322932440.52064872,-0.08489978,0.04431347,-0.99540361
1322932440.57372594,-0.08507318,0.04422607,-0.99539269
1322932440.62153816,-0.08475175,0.04405023,-0.99542791
1322932440.66168427,-0.08459733,0.04422266,-0.99543340
1322932440.72075105,-0.08474458,0.04422026,-0.99542098
1322932440.77264428,-0.08463731,0.04388780,-0.99544482
1322932440.82164907,-0.08458638,0.04396589,-0.99544570
1322932440.87264538,-0.08448931,0.04412373,-0.99544696
1322932440.91366196,-0.08437292,0.04419303,-0.99545376
1322932440.97265649,-0.08408822,0.04408042,-0.99548284
1322932441.02156138,-0.08381205,0.04417420,-0.99550197
1322932441.07265353,-0.08402033,0.04400053,-0.99549211
1322932441.11257720,-0.08404028,0.04393485,-0.99549333
1322932441.16168690,-0.08404521,0.04390465,-0.99549424
1322932441.22052431,-0.08388928,0.04387127,-0.99550887
1322932441.27257895,-0.08374385,0.04413394,-0.99550950
1322932441.31364942,-0.08353701,0.04448405,-0.99551129
1322932441.37365294,-0.08333798,0.04445792,-0.99552914
1322932441.41366029,-0.08335317,0.04443652,-0.99552883
1322932441.47364974,-0.08310354,0.04452689,-0.99554566
1322932441.52150393,-0.08292033,0.04456366,-0.99555929
1322932441.57268786,-0.08310634,0.04448218,-0.99554742
1322932441.61253619,-0.08313324,0.04464776,-0.99553777
1322932441.66066003,-0.08303016,0.04466459,-0.99554561
1322932441.72064257,-0.08305507,0.04476036,-0.99553923
1322932441.77264595,-0.08285134,0.04460576,-0.99556315
1322932441.82052946,-0.08251463,0.04454729,-0.99559373
1322932441.87265468,-0.08235070,0.04446638,-0.99561092
1322932441.91364837,-0.08213890,0.04436082,-0.99563312
1322932441.97264385,-0.08218321,0.04439063,-0.99562814
1322932442.02154160,-0.08186707,0.04429934,-0.99565825
1322932442.07262254,-0.08206190,0.04418555,-0.99564727
1322932442.12088799,-0.08196417,0.04459598,-0.99563702
1322932442.16201711,-0.08196341,0.04458886,-0.99563740
1322932442.22201300,-0.08176332,0.04453980,-0.99565605
1322932442.27363062,-0.08157304,0.04431296,-0.99568178
1322932442.32166314,-0.08166503,0.04431796,-0.99567401
1322932442.37264562,-0.08178696,0.04459183,-0.99565178
1322932442.41375875,-0.08153404,0.04431186,-0.99568502
1322932442.47265601,-0.08162308,0.04420798,-0.99568234
1322932442.52065396,-0.08190450,0.04408172,-0.99566483
1322932442.57264209,-0.08196932,0.04431160,-0.99564929
1322932442.62140751,-0.08199787,0.04447089,-0.99563984
1322932442.66166162,-0.08211223,0.04429629,-0.99563820
1322932442.72049856,-0.08212372,0.04436057,-0.99563439
1322932442.77258825,-0.08222663,0.04435301,-0.99562623
1322932442.82056022,-0.08199903,0.04426590,-0.99564888
1322932442.87255049,-0.08173592,0.04415704,-0.99567535
1322932442.91261029,-0.08167557,0.04398468,-0.99568793
1322932442.97356057,-0.08174733,0.04412761,-0.99567571
1322932443.02054691,-0.08179426,0.04411353,-0.99567248
1322932443.07266927,-0.08195901,0.04415908,-0.99565692
1322932443.12066674,-0.08204161,0.04417782,-0.99564928
1322932443.16075015,-0.08210345,0.04422577,-0.99564206
1322932443.22052431,-0.08215339,0.04417193,-0.99564033
1322932443.27264667,-0.08213868,0.04410016,-0.99564472
1322932443.32064676,-0.08237883,0.04427330,-0.99561720
1322932443.37265396,-0.08256474,0.04436887,-0.99559754
1322932443.41263652,-0.08250322,0.04430130,-0.99560565
1322932443.47358561,-0.08247746,0.04425328,-0.99560992
1322932443.52054906,-0.08264132,0.04412202,-0.99560216
1322932443.57359004,-0.08275423,0.04417105,-0.99559061
1322932443.62161016,-0.08287972,0.04409913,-0.99558336
1322932443.66166329,-0.08268446,0.04406373,-0.99560116
1322932443.72065854,-0.08261967,0.04405351,-0.99560699
1322932443.77264190,-0.08255766,0.04384526,-0.99562133
1322932443.82064295,-0.08241488,0.04372171,-0.99563859
1322932443.87362266,-0.08269340,0.04368756,-0.99561699
1322932443.91378593,-0.08240360,0.04386497,-0.99563322
1322932443.97368407,-0.08249212,0.04410061,-0.99561548
1322932444.02167344,-0.08269124,0.04380686,-0.99561193
1322932444.07368851,-0.08288581,0.04381352,-0.99559546
1322932444.12155819,-0.08280938,0.04371435,-0.99560618
1322932444.16166639,-0.08258971,0.04369304,-0.99562536
1322932444.22055268,-0.08243661,0.04355111,-0.99564427
1322932444.27371216,-0.08224538,0.04362078,-0.99565703
1322932444.32067227,-0.08191835,0.04382334,-0.99567510
1322932444.37369990,-0.08175078,0.04368543,-0.99569493
1322932444.41255403,-0.08172512,0.04342914,-0.99570825
1322932444.47366285,-0.08167733,0.04343507,-0.99571191
1322932444.52164817,-0.08159679,0.04310006,-0.99573307
1322932444.57370710,-0.08172010,0.04307538,-0.99572403
1322932444.62159753,-0.08183398,0.04313575,-0.99571206
1322932444.66168761,-0.08174667,0.04314538,-0.99571882
1322932444.72164416,-0.08162351,0.04310124,-0.99573083
1322932444.77264738,-0.08165944,0.04312838,-0.99572671
1322932444.82064915,-0.08157572,0.04331970,-0.99572527
1322932444.87265515,-0.08146004,0.04318691,-0.99574050
1322932444.91357660,-0.08147079,0.04311533,-0.99574273
1322932444.97366643,-0.08164347,0.04290386,-0.99573772
1322932445.02054548,-0.08146849,0.04291329,-0.99575164
1322932445.07252121,-0.08139882,0.04300569,-0.99575335
1322932445.12052727,-0.08166131,0.04296439,-0.99573364
1322932445.16167974,-0.08185784,0.04279202,-0.99572493
1322932445.22168207,-0.08177528,0.04283844,-0.99572972
1322932445.27266693,-0.08178332,0.04282357,-0.99572970
1322932445.32065845,-0.08134371,0.04278585,-0.99576733
1322932445.37296867,-0.08149849,0.04279947,-0.99575409
1322932445.41367126,-0.08159534,0.04299973,-0.99573753
1322932445.47265649,-0.08155123,0.04278278,-0.99575049
1322932445.52156782,-0.08141055,0.04255043,-0.99577195
1322932445.57264352,-0.08130808,0.04209401,-0.99579972
1322932445.62165880,-0.08103691,0.04218067,-0.99581816
1322932445.66166234,-0.08124794,0.04189883,-0.99581286
1322932445.72064757,-0.08125030,0.04190787,-0.99581229
1322932445.77292323,-0.08102314,0.04198792,-0.99582743
1322932445.82065701,-0.08103914,0.04165560,-0.99584008
1322932445.87264347,-0.08140380,0.04168708,-0.99580902
1322932445.91364980,-0.08126361,0.04161821,-0.99582335
1322932445.97263980,-0.08116156,0.04152311,-0.99583565
1322932446.02156663,-0.08110484,0.04157105,-0.99583827
1322932446.07266021,-0.08129474,0.04145907,-0.99582745
1322932446.12060666,-0.08131732,0.04151299,-0.99582336
1322932446.16169596,-0.08132181,0.04152844,-0.99582235
1322932446.22174430,-0.08118692,0.04152433,-0.99583353
1322932446.27253795,-0.08085104,0.04158062,-0.99585850
1322932446.32068849,-0.08086922,0.04144590,-0.99586264
1322932446.37265515,-0.08088569,0.04161305,-0.99585434
1322932446.41372061,-0.08066504,0.04145557,-0.99587880
1322932446.47264481,-0.08041741,0.04139509,-0.99590134
1322932446.52065134,-0.08002556,0.04133515,-0.99593540
1322932446.57264757,-0.08008111,0.04125924,-0.99593408
1322932446.62154341,-0.07985556,0.04131704,-0.99594979
1322932446.66167188,-0.07981841,0.04141400,-0.99594874
1322932446.72054553,-0.07973921,0.04161315,-0.99594679
1322932446.77387643,-0.07956323,0.04157440,-0.99596248
1322932446.82055712,-0.07924300,0.04166565,-0.99598420
1322932446.87252927,-0.07939262,0.04178318,-0.99596736
1322932446.91370130,-0.07919356,0.04182152,-0.99598160
1322932446.97265935,-0.07909257,0.04169851,-0.99599478
1322932447.02140784,-0.07911321,0.04163694,-0.99599572
1322932447.07264996,-0.07895509,0.04151610,-0.99601331
1322932447.12051940,-0.07903922,0.04131487,-0.99601500
1322932447.16170001,-0.07925228,0.04144412,-0.99599270
1322932447.22170353,-0.07911124,0.04148735,-0.99600211
1322932447.27265310,-0.07896106,0.04149144,-0.99601386
1322932447.32055950,-0.07874275,0.04165885,-0.99602416
1322932447.37264371,-0.07861226,0.04156780,-0.99603827
1322932447.41265583,-0.07867393,0.04176808,-0.99602502
1322932447.47251749,-0.07889930,0.04176118,-0.99600748
1322932447.52064061,-0.07861724,0.04168881,-0.99603282
1322932447.57266116,-0.07877786,0.04169346,-0.99601993
1322932447.62053871,-0.07885939,0.04142311,-0.99602476
1322932447.66169786,-0.07886724,0.04119359,-0.99603366
1322932447.72055840,-0.07879963,0.04122311,-0.99603779
1322932447.77355552,-0.07888267,0.04076863,-0.99604992
1322932447.82169580,-0.07859032,0.04077908,-0.99607260
1322932447.87256169,-0.07853997,0.04061291,-0.99608336
1322932447.91265130,-0.07844243,0.04096571,-0.99607660
1322932447.97264481,-0.07830273,0.04091232,-0.99608979
1322932448.02170610,-0.07816597,0.04092137,-0.99610016
1322932448.07251358,-0.07821126,0.04096787,-0.99609469
1322932448.12574911,-0.07826884,0.04087902,-0.99609382
1322932448.16672873,-0.07826721,0.04082985,-0.99609596
1322932448.22065473,-0.07788502,0.04071771,-0.99613051
1322932448.26973438,-0.07777887,0.04065679,-0.99614129
1322932448.32064915,-0.07775219,0.04064983,-0.99614366
1322932448.36970997,-0.07777436,0.04082153,-0.99613491
1322932448.41372871,-0.07757718,0.04055060,-0.99616135
1322932448.47266006,-0.07760859,0.04053392,-0.99615958
1322932448.52065563,-0.07774336,0.04048065,-0.99615124
1322932448.57265019,-0.07784445,0.04061534,-0.99613786
1322932448.62452865,-0.07777579,0.04015489,-0.99616189
1322932448.66172457,-0.07774895,0.04033964,-0.99615652
1322932448.72065115,-0.07777906,0.04019644,-0.99615996
1322932448.77371240,-0.07760734,0.04014623,-0.99617538
1322932448.82066965,-0.07771591,0.04007578,-0.99616975
1322932448.87265110,-0.07789144,0.04006986,-0.99615628
1322932448.91369605,-0.07813192,0.04009168,-0.99613657
1322932448.97352386,-0.07804330,0.04002769,-0.99614609
1322932449.02466702,-0.07825236,0.04018091,-0.99612352
1322932449.07267737,-0.07844683,0.04026630,-0.99610477
1322932449.12156057,-0.07818516,0.04027478,-0.99612500
1322932449.16170287,-0.07811561,0.04033747,-0.99612792
1322932449.22465491,-0.07790306,0.04036808,-0.99614333
1322932449.27062273,-0.07798464,0.04047058,-0.99613279
1322932449.32065320,-0.07810986,0.04038159,-0.99612659
1322932449.37270427,-0.07810509,0.04051590,-0.99612151
1322932449.41315985,-0.07812124,0.04047109,-0.99612206
1322932449.47275996,-0.07779736,0.04039520,-0.99615049
1322932449.52481270,-0.07775391,0.04014944,-0.99616382
1322932449.57268572,-0.07771729,0.04003765,-0.99617117
1322932449.62453580,-0.07770943,0.03991011,-0.99617691
1322932449.66170692,-0.07768406,0.03983661,-0.99618183
1322932449.72070289,-0.07750803,0.04005583,-0.99618675
1322932449.77284336,-0.07748270,0.03999619,-0.99619111
1322932449.82170868,-0.07750344,0.03984006,-0.99619576
1322932449.87251949,-0.07764001,0.03987020,-0.99618392
1322932449.91361952,-0.07740943,0.04006775,-0.99619393
1322932449.97279334,-0.07747340,0.04000809,-0.99619136
1322932450.02076149,-0.07723146,0.04023045,-0.99620119
1322932450.07269382,-0.07724458,0.04021776,-0.99620069
1322932450.12100410,-0.07718294,0.04003157,-0.99621296
1322932450.16087818,-0.07724210,0.04000314,-0.99620952
1322932450.22566533,-0.07699733,0.03994787,-0.99623069
1322932450.27366853,-0.07688318,0.04012206,-0.99623250
1322932450.32070184,-0.07695704,0.04025521,-0.99622143
1322932450.37365746,-0.07720118,0.04055016,-0.99619057
1322932450.41364837,-0.07689703,0.04025604,-0.99622603
1322932450.47354984,-0.07679229,0.04025458,-0.99623417
1322932450.52160001,-0.07689078,0.04027798,-0.99622562
1322932450.57253885,-0.07689129,0.04036406,-0.99622210
1322932450.62159562,-0.07708055,0.04047298,-0.99620305
1322932450.66170406,-0.07712031,0.04045085,-0.99620088
1322932450.72166538,-0.07709379,0.04063515,-0.99619543
1322932450.77269101,-0.07703501,0.04091261,-0.99618862
1322932450.82163668,-0.07719047,0.04067245,-0.99618642
1322932450.87366223,-0.07712025,0.04072632,-0.99618966
1322932450.91365194,-0.07713791,0.04060237,-0.99619335
1322932450.97256804,-0.07708660,0.04070649,-0.99619307
1322932451.02088761,-0.07709596,0.04050761,-0.99620046
1322932451.07252455,-0.07695206,0.04048851,-0.99621236
1322932451.12154460,-0.07704587,0.04039268,-0.99620900
1322932451.16118860,-0.07717230,0.04048761,-0.99619536
1322932451.22063589,-0.07730358,0.04057603,-0.99618158
1322932451.27270389,-0.07701980,0.04043842,-0.99620916
1322932451.32564926,-0.07680088,0.04013639,-0.99623827
1322932451.37272882,-0.07665395,0.04019509,-0.99624722
1322932451.41263247,-0.07658355,0.03999349,-0.99626075
1322932451.47255993,-0.07659438,0.04002024,-0.99625884
1322932451.52078891,-0.07635565,0.04009872,-0.99627401
1322932451.57271481,-0.07619772,0.04014605,-0.99628420
1322932451.62061381,-0.07621173,0.04006102,-0.99628655
1322932451.66061378,-0.07610027,0.03995189,-0.99629945
1322932451.72069812,-0.07598495,0.04006970,-0.99630352
1322932451.77270651,-0.07596527,0.04009599,-0.99630396
1322932451.82070184,-0.07602834,0.04015304,-0.99629686
1322932451.87331557,-0.07619832,0.03982094,-0.99629720
1322932451.91364646,-0.07615906,0.03985868,-0.99629869
1322932451.97270131,-0.07614643,0.03983535,-0.99630059
1322932452.02069116,-0.07635513,0.03986190,-0.99628356
1322932452.07287025,-0.07613997,0.03977669,-0.99630343
1322932452.12308979,-0.07609899,0.04000209,-0.99629753
1322932452.16165066,-0.07593863,0.03990347,-0.99631372
1322932452.22057009,-0.07593916,0.03990555,-0.99631360
1322932452.27334547,-0.07583088,0.04000488,-0.99631786
1322932452.32057309,-0.07560742,0.04002388,-0.99633408
1322932452.37271428,-0.07568655,0.03987916,-0.99633388
1322932452.41362333,-0.07563486,0.03985427,-0.99633880
1322932452.47365046,-0.07564210,0.03990459,-0.99633624
1322932452.52070332,-0.07566806,0.03957735,-0.99634732
1322932452.57365155,-0.07582798,0.03967543,-0.99633126
1322932452.62226439,-0.07578760,0.03957429,-0.99633835
1322932452.66166377,-0.07581655,0.03968454,-0.99633177
1322932452.72065616,-0.07567899,0.03977931,-0.99633845
1322932452.77270007,-0.07558739,0.03977827,-0.99634544
1322932452.81365299,-0.07560079,0.04006347,-0.99633300
1322932452.87360859,-0.07567605,0.04023733,-0.99632028
1322932452.91366935,-0.07540710,0.04049128,-0.99633038
1322932452.97366929,-0.07522410,0.04050020,-0.99634385
1322932453.02065349,-0.07525996,0.04069886,-0.99633305
1322932453.07259297,-0.07504968,0.04093448,-0.99633926
1322932453.12164879,-0.07480358,0.04110813,-0.99635061
1322932453.16166425,-0.07484361,0.04119188,-0.99634415
1322932453.22069693,-0.07486644,0.04098848,-0.99635082
1322932453.27270412,-0.07465870,0.04117200,-0.99635884
1322932453.32059121,-0.07444891,0.04113125,-0.99637622
1322932453.37365246,-0.07445035,0.04119336,-0.99637355
1322932453.41264582,-0.07445955,0.04127766,-0.99636937
1322932453.47282052,-0.07440862,0.04135522,-0.99636996
1322932453.52074599,-0.07426868,0.04127139,-0.99638388
1322932453.57364321,-0.07445745,0.04104735,-0.99637905
1322932453.61296463,-0.07436688,0.04112634,-0.99638255
1322932453.66072750,-0.07422137,0.04110806,-0.99639416
1322932453.72103643,-0.07457712,0.04116332,-0.99636531
1322932453.77267528,-0.07454033,0.04133283,-0.99636105
1322932453.82172394,-0.07444836,0.04116752,-0.99637477
1322932453.87268686,-0.07441146,0.04108175,-0.99638106
1322932453.91349745,-0.07443630,0.04127745,-0.99637112
1322932453.97266960,-0.07447867,0.04147774,-0.99635964
1322932454.02172279,-0.07415211,0.04141052,-0.99638679
1322932454.07357144,-0.07404527,0.04145171,-0.99639302
1322932454.12164855,-0.07414230,0.04157018,-0.99638087
1322932454.16162777,-0.07398450,0.04158881,-0.99639182
1322932454.22158909,-0.07387532,0.04186744,-0.99638825
1322932454.27361417,-0.07394428,0.04169888,-0.99639021
1322932454.32156229,-0.07409054,0.04159204,-0.99638381
1322932454.37265754,-0.07425503,0.04166153,-0.99636866
1322932454.41362691,-0.07420427,0.04168525,-0.99637145
1322932454.47363424,-0.07418092,0.04183441,-0.99636694
1322932454.52164960,-0.07416761,0.04186412,-0.99636668
1322932454.57265115,-0.07395324,0.04185208,-0.99638312
1322932454.62052846,-0.07373887,0.04185764,-0.99639877
1322932454.66162252,-0.07398194,0.04177412,-0.99638426
1322932454.71360254,-0.07410410,0.04184691,-0.99637213
1322932454.77265382,-0.07387677,0.04179372,-0.99639124
1322932454.82053900,-0.07379565,0.04183491,-0.99639552
1322932454.87264681,-0.07398479,0.04204866,-0.99637250
1322932454.91360164,-0.07386305,0.04175042,-0.99639407
1322932454.97257042,-0.07387864,0.04182707,-0.99638970
1322932455.02053547,-0.07404532,0.04147745,-0.99639195
1322932455.07359433,-0.07393425,0.04139944,-0.99640344
1322932455.12156582,-0.07394833,0.04168765,-0.99639038
1322932455.16158628,-0.07377556,0.04179657,-0.99639862
1322932455.22063041,-0.07338616,0.04179844,-0.99642730
1322932455.27253866,-0.07337602,0.04146198,-0.99644210
1322932455.32052207,-0.07305505,0.04132625,-0.99647132
1322932455.37263393,-0.07305840,0.04146174,-0.99646545
1322932455.41261864,-0.07290362,0.04122918,-0.99648644
1322932455.47261572,-0.07271910,0.04111924,-0.99650446
1322932455.52156878,-0.07243843,0.04118197,-0.99652231
1322932455.57356381,-0.07236374,0.04114718,-0.99652918
1322932455.62061334,-0.07215029,0.04129623,-0.99653849
1322932455.66061831,-0.07195296,0.04114431,-0.99655904
1322932455.72061419,-0.07190538,0.04117906,-0.99656104
1322932455.77356148,-0.07172111,0.04097069,-0.99658290
1322932455.82061005,-0.07164318,0.04068698,-0.99660013
1322932455.87410045,-0.07148542,0.04064407,-0.99661321
1322932455.91459632,-0.07145755,0.04054067,-0.99661942
1322932455.97261333,-0.07145550,0.04036256,-0.99662680
1322932456.02161741,-0.07137439,0.04029639,-0.99663529
1322932456.07361102,-0.07123562,0.04040612,-0.99664077
1322932456.12055349,-0.07133771,0.04044766,-0.99663179
1322932456.16087317,-0.07111718,0.04044748,-0.99664755
1322932456.22058582,-0.07116006,0.04041469,-0.99664582
1322932456.27361751,-0.07104633,0.04014006,-0.99666504
1322932456.31360459,-0.07106208,0.04051616,-0.99664870
1322932456.37259078,-0.07097050,0.04030384,-0.99666383
1322932456.41359544,-0.07102199,0.04049477,-0.99665242
1322932456.47254682,-0.07092835,0.04027329,-0.99666806
1322932456.51355696,-0.07101817,0.04044716,-0.99665463
1322932456.57256293,-0.07116659,0.04053928,-0.99664030
1322932456.62058592,-0.07095121,0.04058785,-0.99665368
1322932456.66155052,-0.07103906,0.04054091,-0.99664933
1322932456.71255875,-0.07107879,0.04051589,-0.99664751
1322932456.77358913,-0.07111558,0.04066731,-0.99663872
1322932456.82057405,-0.07107357,0.04085408,-0.99663408
1322932456.87256145,-0.07092887,0.04065169,-0.99665267
1322932456.91257548,-0.07088511,0.04073372,-0.99665243
1322932456.97353077,-0.07069263,0.04088011,-0.99666011
1322932457.02165174,-0.07062186,0.04092607,-0.99666324
1322932457.07356524,-0.07052228,0.04093696,-0.99666984
1322932457.12158966,-0.07047656,0.04089717,-0.99667471
1322932457.16255283,-0.07081993,0.04103105,-0.99664487
1322932457.22052550,-0.07085151,0.04087634,-0.99664898
1322932457.27254820,-0.07084028,0.04099784,-0.99664479
1322932457.32055616,-0.07085211,0.04105684,-0.99664152
1322932457.37255239,-0.07083321,0.04079494,-0.99665362
1322932457.41261339,-0.07066078,0.04079405,-0.99666589
1322932457.47361803,-0.07058082,0.04084788,-0.99666935
1322932457.52065802,-0.07093473,0.04069223,-0.99665059
1322932457.57273746,-0.07073215,0.04060784,-0.99666843
1322932457.61358833,-0.07078135,0.04014441,-0.99668371
1322932457.66158390,-0.07054071,0.04006079,-0.99670414
1322932457.72154427,-0.07043452,0.04002721,-0.99671300
1322932457.77252960,-0.07027250,0.04010994,-0.99672111
1322932457.82057738,-0.07020277,0.03995141,-0.99673239
1322932457.87341189,-0.07008823,0.04013222,-0.99673319
1322932457.91357541,-0.07005717,0.04006338,-0.99673814
1322932457.97356796,-0.07006071,0.03983418,-0.99674708
1322932458.02057099,-0.06991940,0.03994134,-0.99675271
1322932458.07357240,-0.06998989,0.04006242,-0.99674290
1322932458.12065387,-0.06978286,0.03985369,-0.99676579
1322932458.16060281,-0.06966510,0.03982759,-0.99677507
1322932458.22057152,-0.06950927,0.03984788,-0.99678514
1322932458.27389145,-0.06943203,0.03979544,-0.99679261
1322932458.32057023,-0.06945801,0.03948306,-0.99680323
1322932458.37257648,-0.06944344,0.03937732,-0.99680842
1322932458.41256380,-0.06969632,0.03935497,-0.99679166
1322932458.47256541,-0.06965704,0.03943638,-0.99679119
1322932458.52056861,-0.06989376,0.03943114,-0.99677482
1322932458.57256317,-0.06987770,0.03925537,-0.99678289
1322932458.62056804,-0.07002421,0.03921262,-0.99677429
1322932458.66061592,-0.07024295,0.03912436,-0.99676236
1322932458.72057891,-0.07031246,0.03897969,-0.99676313
1322932458.77251077,-0.07026396,0.03896415,-0.99676716
1322932458.82055306,-0.07024409,0.03862415,-0.99678179
1322932458.87354612,-0.07031568,0.03875597,-0.99677163
1322932458.91356850,-0.07039518,0.03863891,-0.99677056
1322932458.97363591,-0.07027548,0.03867226,-0.99677772
1322932459.02061391,-0.07009617,0.03873275,-0.99678799
1322932459.07370853,-0.07029838,0.03863425,-0.99677757
1322932459.12054420,-0.07029700,0.03835601,-0.99678842
1322932459.16056681,-0.07012184,0.03837869,-0.99679988
1322932459.22052264,-0.07012624,0.03859395,-0.99679126
1322932459.27256322,-0.07007737,0.03877590,-0.99678764
1322932459.32053471,-0.07018586,0.03854251,-0.99678905
1322932459.37256575,-0.07044792,0.03873869,-0.99676296
1322932459.41358900,-0.07048175,0.03853441,-0.99676849
1322932459.47365117,-0.07060800,0.03866658,-0.99675444
1322932459.52128386,-0.07082679,0.03841552,-0.99674862
1322932459.57357001,-0.07068463,0.03827337,-0.99676418
1322932459.62057853,-0.07093309,0.03828050,-0.99674626
1322932459.66056728,-0.07098125,0.03812757,-0.99674869
1322932459.72067213,-0.07099908,0.03802308,-0.99675141
1322932459.77259493,-0.07102210,0.03792449,-0.99675353
1322932459.82163763,-0.07092220,0.03824529,-0.99674838
1322932459.87262607,-0.07065792,0.03830426,-0.99676489
1322932459.91370535,-0.07041939,0.03813051,-0.99678843
1322932459.97369409,-0.07025786,0.03828836,-0.99679378
1322932460.02171254,-0.07018708,0.03815628,-0.99680383
1322932460.07252693,-0.07028167,0.03831009,-0.99679126
1322932460.12166262,-0.07028617,0.03837111,-0.99678860
1322932460.16167879,-0.07027739,0.03837651,-0.99678901
1322932460.22053957,-0.07029382,0.03832676,-0.99678977
1322932460.27257562,-0.07029614,0.03810198,-0.99679822
1322932460.32052922,-0.07012262,0.03821458,-0.99680613
1322932460.37256622,-0.07004694,0.03853876,-0.99679897
1322932460.41367412,-0.07000624,0.03846781,-0.99680457
1322932460.47264957,-0.06988302,0.03843050,-0.99681466
1322932460.52057385,-0.06980853,0.03827912,-0.99682570
1322932460.57365990,-0.06984551,0.03834462,-0.99682059
1322932460.62166905,-0.06985220,0.03823848,-0.99682420
1322932460.66168809,-0.06993601,0.03816223,-0.99682125
1322932460.71284556,-0.07002970,0.03800548,-0.99682066
1322932460.77257442,-0.07025763,0.03806973,-0.99680217
1322932460.82143331,-0.07038588,0.03797286,-0.99679681
1322932460.87256455,-0.07031588,0.03792278,-0.99680366
1322932460.91389942,-0.07058623,0.03791573,-0.99678482
1322932460.97365618,-0.07052219,0.03776789,-0.99679497
1322932461.02166462,-0.07043538,0.03780048,-0.99679987
1322932461.07256484,-0.07043079,0.03774572,-0.99680227
1322932461.12057400,-0.07020849,0.03772628,-0.99681869
1322932461.16062093,-0.06997028,0.03768944,-0.99683683
1322932461.22055173,-0.06995280,0.03754677,-0.99684344
1322932461.27256656,-0.06982721,0.03755353,-0.99685199
1322932461.32055855,-0.06982370,0.03783988,-0.99684141
1322932461.37264323,-0.06978074,0.03794106,-0.99684057
1322932461.41366601,-0.06961494,0.03789668,-0.99685385
1322932461.47366405,-0.06946661,0.03807553,-0.99685738
1322932461.52083063,-0.06940536,0.03810227,-0.99686063
1322932461.57256651,-0.06948208,0.03827751,-0.99684857
1322932461.62106299,-0.06928109,0.03808537,-0.99686992
1322932461.66057754,-0.06938681,0.03818848,-0.99685862
1322932461.72065163,-0.06934738,0.03816191,-0.99686238
1322932461.77365088,-0.06956689,0.03805709,-0.99685110
1322932461.82064939,-0.06974622,0.03802593,-0.99683975
1322932461.87365103,-0.06974843,0.03813215,-0.99683554
1322932461.91367173,-0.06968573,0.03804913,-0.99684310
1322932461.97367573,-0.06958022,0.03796721,-0.99685359
1322932462.02054691,-0.06975602,0.03797958,-0.99684083
1322932462.07364917,-0.06993697,0.03784024,-0.99683345
1322932462.12165833,-0.06988709,0.03789809,-0.99683476
1322932462.16058588,-0.07007915,0.03780220,-0.99682491
1322932462.22064805,-0.07015953,0.03769296,-0.99682340
1322932462.27265024,-0.07022538,0.03753840,-0.99682459
1322932462.32065439,-0.07010178,0.03732804,-0.99684119
1322932462.37364411,-0.07017456,0.03723400,-0.99683959
1322932462.41264009,-0.07017411,0.03737275,-0.99683443
1322932462.47265029,-0.06994650,0.03732255,-0.99685230
1322932462.52129698,-0.06965201,0.03746811,-0.99686746
1322932462.57366872,-0.06981008,0.03734189,-0.99686114
1322932462.62156248,-0.06961616,0.03732188,-0.99687545
1322932462.66064382,-0.06958531,0.03728588,-0.99687895
1322932462.72051835,-0.06964185,0.03755208,-0.99686501
1322932462.77364779,-0.06972792,0.03741635,-0.99686410
1322932462.82056427,-0.06943643,0.03736119,-0.99688651
1322932462.87367415,-0.06961424,0.03745807,-0.99687048
1322932462.91365886,-0.06986907,0.03759095,-0.99684765
1322932462.97265124,-0.06992103,0.03748744,-0.99684790
1322932463.01361585,-0.06984194,0.03745194,-0.99685478
1322932463.07360029,-0.06995605,0.03720940,-0.99685586
1322932463.12064457,-0.07004501,0.03725696,-0.99684784
1322932463.16171908,-0.06984673,0.03730531,-0.99685994
1322932463.22065830,-0.06986101,0.03734704,-0.99685738
1322932463.27256250,-0.06952842,0.03743133,-0.99687747
1322932463.32164478,-0.06932780,0.03736307,-0.99689401
1322932463.37264013,-0.06921410,0.03742460,-0.99689960
1322932463.41265631,-0.06889321,0.03749745,-0.99691909
1322932463.47367239,-0.06892486,0.03764106,-0.99691149
1322932463.52052975,-0.06896498,0.03739742,-0.99691788
1322932463.57365894,-0.06879509,0.03728282,-0.99693391
1322932463.62052917,-0.06860884,0.03758257,-0.99693549
1322932463.66164088,-0.06884710,0.03757519,-0.99691935
1322932463.72166181,-0.06871417,0.03747338,-0.99693235
1322932463.77257681,-0.06858848,0.03749886,-0.99694005
1322932463.82065225,-0.06853820,0.03746413,-0.99694481
1322932463.87264252,-0.06838034,0.03766159,-0.99694821
1322932463.91364741,-0.06819492,0.03763018,-0.99696210
1322932463.97264361,-0.06812623,0.03770622,-0.99696392
1322932464.01283550,-0.06806802,0.03781185,-0.99696390
1322932464.07264900,-0.06800191,0.03798701,-0.99696175
1322932464.12064981,-0.06797191,0.03784530,-0.99696918
1322932464.16053081,-0.06803954,0.03797561,-0.99695961
1322932464.22064495,-0.06800222,0.03790710,-0.99696477
1322932464.27264547,-0.06779472,0.03787265,-0.99698021
1322932464.32164741,-0.06791085,0.03781856,-0.99697436
1322932464.37265611,-0.06773666,0.03774625,-0.99698895
1322932464.42054224,-0.06768903,0.03758008,-0.99699846
1322932464.47365999,-0.06773826,0.03765094,-0.99699245
1322932464.52064443,-0.06767023,0.03767340,-0.99699622
1322932464.57364726,-0.06757337,0.03752892,-0.99700823
1322932464.62164855,-0.06725471,0.03741449,-0.99703408
1322932464.66065049,-0.06738782,0.03755032,-0.99701999
1322932464.72167277,-0.06743537,0.03734834,-0.99702436
1322932464.77264285,-0.06726151,0.03725365,-0.99703965
1322932464.82168436,-0.06695361,0.03750881,-0.99705080
1322932464.87264252,-0.06691175,0.03726945,-0.99706259
1322932464.91367316,-0.06685339,0.03723549,-0.99706777
1322932464.97265840,-0.06695454,0.03707623,-0.99706692
1322932465.02160621,-0.06673162,0.03693609,-0.99708707
1322932465.07264185,-0.06668585,0.03713796,-0.99708263
1322932465.12167692,-0.06652817,0.03701256,-0.99709783
1322932465.17016077,-0.06639989,0.03726296,-0.99709705
1322932465.22165799,-0.06632126,0.03734307,-0.99709929
1322932465.27265048,-0.06602568,0.03736476,-0.99711809
1322932465.31365204,-0.06601929,0.03761184,-0.99710922
1322932465.37264323,-0.06609625,0.03751046,-0.99710794
1322932465.42156959,-0.06624374,0.03748590,-0.99709908
1322932465.47332120,-0.06614024,0.03738938,-0.99710957
1322932465.52064323,-0.06602423,0.03753708,-0.99711171
1322932465.57265544,-0.06591782,0.03763874,-0.99711492
1322932465.61362553,-0.06580752,0.03737405,-0.99713216
1322932465.66164804,-0.06602370,0.03739936,-0.99711692
1322932465.72065020,-0.06600225,0.03737370,-0.99711931
1322932465.77274442,-0.06607116,0.03726696,-0.99711874
1322932465.82066178,-0.06606989,0.03699729,-0.99712886
1322932465.87367582,-0.06600300,0.03699996,-0.99713319
1322932465.91365767,-0.06597841,0.03706703,-0.99713233
1322932465.97366881,-0.06614672,0.03705314,-0.99712170
1322932466.02168250,-0.06609624,0.03715010,-0.99712144
1322932466.07263947,-0.06611228,0.03719669,-0.99711864
1322932466.12054467,-0.06598719,0.03697755,-0.99713507
1322932466.16166997,-0.06615139,0.03700346,-0.99712323
1322932466.22065330,-0.06614647,0.03695687,-0.99712529
1322932466.27264118,-0.06612179,0.03709053,-0.99712196
1322932466.32064056,-0.06601281,0.03712286,-0.99712798
1322932466.37006831,-0.06574833,0.03714695,-0.99714455
1322932466.42063689,-0.06577642,0.03711343,-0.99714395
1322932466.47367716,-0.06578271,0.03712603,-0.99714307
1322932466.52167296,-0.06592867,0.03696223,-0.99713951
1322932466.57265306,-0.06604866,0.03684465,-0.99713592
1322932466.62063861,-0.06600066,0.03680944,-0.99714040
1322932466.66164899,-0.06617908,0.03700721,-0.99712125
1322932466.72064066,-0.06607545,0.03700313,-0.99712828
1322932466.77367353,-0.06610886,0.03714450,-0.99712081
1322932466.82055140,-0.06600586,0.03694592,-0.99713501
1322932466.87257051,-0.06629587,0.03688812,-0.99711791
1322932466.92153573,-0.06613412,0.03684978,-0.99713007
1322932466.97284555,-0.06615250,0.03686796,-0.99712818
1322932467.02165818,-0.06598397,0.03684430,-0.99714022
1322932467.07265091,-0.06596656,0.03689178,-0.99713961
1322932467.12167263,-0.06596921,0.03691001,-0.99713876
1322932467.16168308,-0.06615669,0.03680569,-0.99713020
1322932467.22064352,-0.06631243,0.03699755,-0.99711275
1322932467.27264500,-0.06632376,0.03683606,-0.99711798
1322932467.32053089,-0.06646682,0.03699440,-0.99710259
1322932467.37265062,-0.06667389,0.03713659,-0.99708348
1322932467.41264296,-0.06643845,0.03706840,-0.99710173
1322932467.47263956,-0.06624841,0.03716970,-0.99711061
1322932467.52063704,-0.06610680,0.03679820,-0.99713378
1322932467.57379580,-0.06614082,0.03679769,-0.99713155
1322932467.62165093,-0.06602928,0.03675458,-0.99714053
1322932467.66166806,-0.06602675,0.03667431,-0.99714365
1322932467.71253419,-0.06577485,0.03659634,-0.99716316
1322932467.77264500,-0.06561694,0.03635171,-0.99718252
1322932467.82063842,-0.06548278,0.03627747,-0.99719404
1322932467.87264442,-0.06522235,0.03611153,-0.99721713
1322932467.92064238,-0.06535121,0.03584974,-0.99721814
1322932467.97255254,-0.06549861,0.03589473,-0.99720685
1322932468.02065396,-0.06539511,0.03580724,-0.99721679
1322932468.07264590,-0.06556239,0.03571993,-0.99720893
1322932468.12051797,-0.06559945,0.03572675,-0.99720625
1322932468.17254186,-0.06574941,0.03591686,-0.99718955
1322932468.22201276,-0.06557134,0.03597049,-0.99719934
